"split","Overall","acc","precision","recall"
"Overall","85.84792516190933","74.22222222222223","93.25169359041168","79.53333333333333"
"random","87.30332967435052","80.43333333333334","96.7558799675588","79.53333333333333"
"adversarial","83.9254308828702","71.03333333333333","88.83097542814595","79.53333333333333"
"popular","86.38667632150614","71.2","94.5324881141046","79.53333333333333"
