"split","Overall","atomStructure","eclipses","faultsEarthquakes","foodChainsWebs","lifeCycles","moonPhaseEquinox","partsOfA","partsOfTheEarth","photosynthesisRespiration","rockCycle","rockStrata","solarSystem","typesOf","volcano","waterCNPCycle"
"none","0.6852331606217616","0.75","0.8387096774193549","0.42857142857142855","0.8235800344234079","0.5611510791366906","0.49097472924187724","0.6858316221765913","0.5961538461538461","0.6455696202531646","0.6119402985074627","0.7073170731707317","0.6944444444444444","0.5801749271137027","0.6875","0.5454545454545454"
