"split","Overall","acc","precision","recall"
"Overall","79.98014149187041","81.21111111111111","90.5819510823728","71.6"
"adversarial","77.82608695652175","78.5","85.23809523809524","71.6"
"popular","80.32909498878085","81.46666666666667","91.48211243611584","71.6"
"random","81.89096454441479","83.66666666666667","95.6366874443455","71.6"
