"split","Overall","atomStructure","eclipses","faultsEarthquakes","foodChainsWebs","lifeCycles","moonPhaseEquinox","partsOfA","partsOfTheEarth","photosynthesisRespiration","rockCycle","rockStrata","solarSystem","typesOf","volcano","waterCNPCycle"
"none","0.5194300518134715","0.5","0.5483870967741935","0.5714285714285714","0.5481927710843374","0.460431654676259","0.4187725631768953","0.5770020533880903","0.5769230769230769","0.5189873417721519","0.417910447761194","0.6097560975609756","0.4166666666666667","0.5072886297376094","0.5625","0.4318181818181818"
