"split","Overall","acc","precision","recall"
"Overall","87.27141482194418","88.24444444444445","95.14690451206715","80.60000000000001"
"random","88.4742041712404","89.5","98.05352798053528","80.60000000000001"
"adversarial","85.89698046181172","86.76666666666667","91.93916349809886","80.60000000000001"
"popular","87.48191027496382","88.46666666666667","95.64873417721519","80.60000000000001"
