"split","Overall","atomStructure","eclipses","faultsEarthquakes","foodChainsWebs","lifeCycles","moonPhaseEquinox","partsOfA","partsOfTheEarth","photosynthesisRespiration","rockCycle","rockStrata","solarSystem","typesOf","volcano","waterCNPCycle"
"none","0.7305699481865285","0.75","0.9032258064516129","0.6071428571428571","0.8562822719449226","0.6258992805755396","0.516245487364621","0.7330595482546202","0.6923076923076923","0.7215189873417721","0.6119402985074627","0.6341463414634146","0.7777777777777778","0.6443148688046647","0.8125","0.6136363636363636"
