"split","Overall","atomStructure","eclipses","faultsEarthquakes","foodChainsWebs","lifeCycles","moonPhaseEquinox","partsOfA","partsOfTheEarth","photosynthesisRespiration","rockCycle","rockStrata","solarSystem","typesOf","volcano","waterCNPCycle"
"none","0.8254533678756477","0.625","0.9032258064516129","0.6428571428571429","0.9044750430292599","0.815347721822542","0.6787003610108303","0.7967145790554415","0.7884615384615384","0.8354430379746836","0.7164179104477612","0.8292682926829268","0.8611111111111112","0.7725947521865889","1.0","0.6818181818181818"
