"split","Overall","acc","precision","recall"
"Overall","88.30486202365309","89.12222222222222","95.47920433996383","82.13333333333334"
"random","89.5674300254453","90.43333333333334","98.48121502797763","82.13333333333334"
"adversarial","87.09791445740544","87.83333333333333","92.7012791572611","82.13333333333334"
"popular","88.28376925833035","89.1","95.42989930286599","82.13333333333334"
